{"cameraMode":{"drawMode":0,"name":"Shaded","section":"Shading Mode"},"sceneLighting":true,"audioPlay":false,"sceneViewState":{"m_AlwaysRefresh":false,"showFog":true,"showSkybox":true,"showFlares":true,"showImageEffects":true,"showParticleSystems":true,"showVisualEffectGraphs":true,"m_FxEnabled":true},"in2DMode":false,"pivot":{"x":-0.7361910343170166,"y":2.197216272354126,"z":-0.5665305852890015},"rotation":{"x":0.43714216351509097,"y":0.08878745883703232,"z":-0.04341435804963112,"w":0.8939492702484131},"size":5.992917537689209,"orthographic":false}