{"cameraMode":{"drawMode":0,"name":"Shaded","section":"Shading Mode"},"sceneLighting":true,"audioPlay":false,"sceneViewState":{"m_AlwaysRefresh":false,"showFog":true,"showSkybox":true,"showFlares":true,"showImageEffects":true,"showParticleSystems":true,"showVisualEffectGraphs":true,"m_FxEnabled":true},"in2DMode":false,"pivot":{"x":950.8947143554688,"y":5.136783599853516,"z":-391.42230224609377},"rotation":{"x":-0.46137335896492007,"y":-0.03959520161151886,"z":0.020030228421092035,"w":-0.8861542344093323},"size":87.71215057373047,"orthographic":false}